{
  "logistic_regression": {
    "benign": {
      "precision": 0.9594594594594594,
      "recall": 0.9861111111111112,
      "f1-score": 0.9726027397260274,
      "support": 72.0
    },
    "malignant": {
      "precision": 0.975,
      "recall": 0.9285714285714286,
      "f1-score": 0.9512195121951219,
      "support": 42.0
    },
    "accuracy": 0.9649122807017544,
    "macro avg": {
      "precision": 0.9672297297297296,
      "recall": 0.9573412698412699,
      "f1-score": 0.9619111259605746,
      "support": 114.0
    },
    "weighted avg": {
      "precision": 0.9651849217638692,
      "recall": 0.9649122807017544,
      "f1-score": 0.9647247085304307,
      "support": 114.0
    }
  },
  "random_forest": {
    "benign": {
      "precision": 0.9473684210526315,
      "recall": 1.0,
      "f1-score": 0.972972972972973,
      "support": 72.0
    },
    "malignant": {
      "precision": 1.0,
      "recall": 0.9047619047619048,
      "f1-score": 0.95,
      "support": 42.0
    },
    "accuracy": 0.9649122807017544,
    "macro avg": {
      "precision": 0.9736842105263157,
      "recall": 0.9523809523809523,
      "f1-score": 0.9614864864864865,
      "support": 114.0
    },
    "weighted avg": {
      "precision": 0.966759002770083,
      "recall": 0.9649122807017544,
      "f1-score": 0.9645092460881936,
      "support": 114.0
    }
  }
}