{
  "dataset": "Wisconsin Breast Cancer (sklearn)",
  "task": "Binary classification: malignant vs benign",
  "n_samples_total": 569,
  "n_samples_train": 455,
  "n_samples_test": 114,
  "n_features": 30,
  "class_distribution": {
    "malignant": 212,
    "benign": 357
  },
  "cross_validation": {
    "method": "Stratified 5-fold",
    "metric": "ROC AUC",
    "results": {
      "logistic_regression": {
        "mean_auc": 0.9957688338493291,
        "std_auc": 0.004665698474904977,
        "fold_aucs": [
          0.9948400412796697,
          0.9989680082559339,
          1.0,
          0.9871001031991744,
          0.9979360165118679
        ]
      },
      "random_forest": {
        "mean_auc": 0.9888544891640866,
        "std_auc": 0.006954276816855091,
        "fold_aucs": [
          0.9827141382868937,
          1.0,
          0.9940660474716202,
          0.9842621259029928,
          0.9832301341589267
        ]
      }
    }
  },
  "test_set_performance": {
    "logistic_regression": {
      "accuracy": 0.9649122807017544,
      "auc": 0.996031746031746,
      "precision": 0.975,
      "recall": 0.9285714285714286,
      "f1": 0.9512195121951219,
      "confusion_matrix": {
        "tn": 71,
        "fp": 1,
        "fn": 3,
        "tp": 39
      }
    },
    "random_forest": {
      "accuracy": 0.9649122807017544,
      "auc": 0.994212962962963,
      "precision": 1.0,
      "recall": 0.9047619047619048,
      "f1": 0.95,
      "confusion_matrix": {
        "tn": 72,
        "fp": 0,
        "fn": 4,
        "tp": 38
      }
    }
  },
  "n_test_positive": 42,
  "n_test_negative": 72,
  "top10_features_random_forest": {
    "worst perimeter": 0.1479121888164363,
    "worst area": 0.13226872168076195,
    "worst concave points": 0.11011379716296908,
    "mean concave points": 0.08819971405017664,
    "worst radius": 0.08511620730137674,
    "mean radius": 0.060554123582339636,
    "mean perimeter": 0.06046497768061575,
    "mean area": 0.044700652539016394,
    "mean concavity": 0.04409082710005146,
    "worst concavity": 0.03282828929503383
  },
  "best_model": "logistic_regression",
  "random_state": 42
}